{"inputUnits":[34],"outputUnits":4,"inputs":{"0":{"dtype":"number","min":275.2532459281341,"max":402.25050005996434},"1":{"dtype":"number","min":95.78399509481983,"max":248.18055567453246},"2":{"dtype":"number","min":282.4056768882112,"max":409.17974996287916},"3":{"dtype":"number","min":88.5390009889361,"max":248.65140264261998},"4":{"dtype":"number","min":266.89192565561035,"max":403.22302478098726},"5":{"dtype":"number","min":88.38078727499087,"max":233.77333732143944},"6":{"dtype":"number","min":293.9019019887229,"max":408.8458466111568},"7":{"dtype":"number","min":98.61178109985113,"max":240.94665884274485},"8":{"dtype":"number","min":258.38992217363204,"max":391.3654195030762},"9":{"dtype":"number","min":100.94679417898314,"max":214.84260573954145},"10":{"dtype":"number","min":315.92824805782084,"max":373.7929167570891},"11":{"dtype":"number","min":145.6215532388371,"max":260.74051141274134},"12":{"dtype":"number","min":256.8401513648079,"max":350.9886065328795},"13":{"dtype":"number","min":142.34325059440863,"max":223.4086564270376},"14":{"dtype":"number","min":361.3539214255052,"max":398.0302075242903},"15":{"dtype":"number","min":94.14140786808599,"max":321.007099114431},"16":{"dtype":"number","min":198.99370624772752,"max":333.7783950300012},"17":{"dtype":"number","min":100.14803583394249,"max":216.314147592288},"18":{"dtype":"number","min":324.17752212018763,"max":451.71225742987025},"19":{"dtype":"number","min":46.969923945198275,"max":378.77811625222245},"20":{"dtype":"number","min":137.35024390862,"max":321.54605159053096},"21":{"dtype":"number","min":46.504235816048364,"max":275.85927981846976},"22":{"dtype":"number","min":295.91675340083606,"max":347.07446895844754},"23":{"dtype":"number","min":264.752961097405,"max":329.1594477424844},"24":{"dtype":"number","min":270.6478138230232,"max":302.0885689123797},"25":{"dtype":"number","min":252.79247856511938,"max":327.91334364149304},"26":{"dtype":"number","min":322.89528889498047,"max":376.8176778157552},"27":{"dtype":"number","min":345.00910173382675,"max":409.7179741515518},"28":{"dtype":"number","min":207.7429460967958,"max":287.36311289766843},"29":{"dtype":"number","min":305.5300659417641,"max":379.919838189614},"30":{"dtype":"number","min":327.1089996278402,"max":428.38184141043797},"31":{"dtype":"number","min":425.7491101716694,"max":470.78279432032775},"32":{"dtype":"number","min":191.01943464074682,"max":326.7063526056896},"33":{"dtype":"number","min":339.73802819354256,"max":461.41181782207525}},"outputs":{"0":{"dtype":"string","min":0,"max":1,"uniqueValues":["t","w","m","i"],"legend":{"t":[1,0,0,0],"w":[0,1,0,0],"m":[0,0,1,0],"i":[0,0,0,1]}}},"isNormalized":true}